/*==============================================================*/
/* SCRIPT name:      TEST_DATA                                      */
/*==============================================================*/

DELETE FROM DETALLEVENTA; -- TRANSACCIONAL
DELETE FROM DETALLECOMPRA; -- TRANSACCIONAL
DELETE FROM DETALLEEXISTENCIA; -- TRANSACCIONAL
DELETE FROM FACTURAVENTA; -- TRANSACCIONAL
DELETE FROM FACTURACOMPRA; -- TRANSACCIONAL
DELETE FROM RECETA;-- TRANSACCIONAL
DELETE FROM ARTICULO;
DELETE FROM FORMAFARMACEUTICA;
DELETE FROM VIAADMINISTRACION;
DELETE FROM SUBCATEGORIA;
DELETE FROM CATEGORIA;
DELETE FROM DOCTOR;
DELETE FROM CLIENTE;
DELETE FROM PROVEEDOR;
DELETE FROM SUCURSALFARMACIA;
DELETE FROM DIRECCION;
DELETE FROM MARCA;


-- DIRECCION
INSERT INTO DIRECCION (IDDIRECCION, IDDISTRITO, DIRECCIONEXACTA) VALUES (1, 98, 'Urbanización Emelina Valdés 355 Apt. 64 ');
INSERT INTO DIRECCION (IDDIRECCION, IDDISTRITO, DIRECCIONEXACTA) VALUES (2, 230, 'Pasaje Maricela Barbero 16 Apt. 14 ');
INSERT INTO DIRECCION (IDDIRECCION, IDDISTRITO, DIRECCIONEXACTA) VALUES (3, 72, 'Camino Azahara Segura 86 Apt. 38 ');
INSERT INTO DIRECCION (IDDIRECCION, IDDISTRITO, DIRECCIONEXACTA) VALUES (4, 217, 'Ronda Manolo Hernandez 425');
INSERT INTO DIRECCION (IDDIRECCION, IDDISTRITO, DIRECCIONEXACTA) VALUES (5, 94, 'Cañada Olimpia Hernandez 43');
INSERT INTO DIRECCION (IDDIRECCION, IDDISTRITO, DIRECCIONEXACTA) VALUES (6, 143, 'Acceso Bonifacio Lumbreras 7 Puerta 7 ');
INSERT INTO DIRECCION (IDDIRECCION, IDDISTRITO, DIRECCIONEXACTA) VALUES (7, 237, 'Pasadizo Seve Arranz 14 Apt. 75 ');
INSERT INTO DIRECCION (IDDIRECCION, IDDISTRITO, DIRECCIONEXACTA) VALUES (8, 128, 'Via de Noa Vara 76 Apt. 87 ');
INSERT INTO DIRECCION (IDDIRECCION, IDDISTRITO, DIRECCIONEXACTA) VALUES (9, 39, 'Plaza Victoriano Barreda 80');
INSERT INTO DIRECCION (IDDIRECCION, IDDISTRITO, DIRECCIONEXACTA) VALUES (10, 227, 'Glorieta Eliseo Barberá 748');
INSERT INTO DIRECCION (IDDIRECCION, IDDISTRITO, DIRECCIONEXACTA) VALUES (11, 51, 'Plaza Francisca Santana 46 Piso 1 ');
INSERT INTO DIRECCION (IDDIRECCION, IDDISTRITO, DIRECCIONEXACTA) VALUES (12, 26, 'Pasaje de Sol Cabello 56 Apt. 35 ');
INSERT INTO DIRECCION (IDDIRECCION, IDDISTRITO, DIRECCIONEXACTA) VALUES (13, 8, 'Plaza Emma Losa 49 Apt. 92 ');
INSERT INTO DIRECCION (IDDIRECCION, IDDISTRITO, DIRECCIONEXACTA) VALUES (14, 48, 'C. Mario Santamaría 6');
INSERT INTO DIRECCION (IDDIRECCION, IDDISTRITO, DIRECCIONEXACTA) VALUES (15, 122, 'Cuesta de Florencio Sales 15');
INSERT INTO DIRECCION (IDDIRECCION, IDDISTRITO, DIRECCIONEXACTA) VALUES (16, 86, 'Avenida de Vilma Pareja 2');
INSERT INTO DIRECCION (IDDIRECCION, IDDISTRITO, DIRECCIONEXACTA) VALUES (17, 209, 'Calle de Nacio Berenguer 567');
INSERT INTO DIRECCION (IDDIRECCION, IDDISTRITO, DIRECCIONEXACTA) VALUES (18, 249, 'Plaza Lalo Collado 562 Puerta 6 ');
INSERT INTO DIRECCION (IDDIRECCION, IDDISTRITO, DIRECCIONEXACTA) VALUES (19, 247, 'Calle de Severiano Plana 67');
INSERT INTO DIRECCION (IDDIRECCION, IDDISTRITO, DIRECCIONEXACTA) VALUES (20, 110, 'Ronda de Rosaura Rosell 1 Apt. 35 ');

-- SUCURSALFARMACIA
INSERT INTO SUCURSALFARMACIA (IDFARMACIA, IDDIRECCION, NOMBREFARMACIA) VALUES (1, 1, 'Farmacia Miralles Group');
INSERT INTO SUCURSALFARMACIA (IDFARMACIA, IDDIRECCION, NOMBREFARMACIA) VALUES (2, 2, 'Farmacia Álvarez, Goicoechea and Gonzalez');
INSERT INTO SUCURSALFARMACIA (IDFARMACIA, IDDIRECCION, NOMBREFARMACIA) VALUES (3, 3, 'Farmacia Mateos PLC');
INSERT INTO SUCURSALFARMACIA (IDFARMACIA, IDDIRECCION, NOMBREFARMACIA) VALUES (4, 4, 'Farmacia Niño, Bautista and Rey');
INSERT INTO SUCURSALFARMACIA (IDFARMACIA, IDDIRECCION, NOMBREFARMACIA) VALUES (5, 5, 'Farmacia Cuenca-Redondo');
INSERT INTO SUCURSALFARMACIA (IDFARMACIA, IDDIRECCION, NOMBREFARMACIA) VALUES (6, 6, 'Farmacia Albero, Acedo and Peinado');
INSERT INTO SUCURSALFARMACIA (IDFARMACIA, IDDIRECCION, NOMBREFARMACIA) VALUES (7, 7, 'Farmacia Mata-Bermejo');
INSERT INTO SUCURSALFARMACIA (IDFARMACIA, IDDIRECCION, NOMBREFARMACIA) VALUES (8, 8, 'Farmacia Caballero-Rojas');
INSERT INTO SUCURSALFARMACIA (IDFARMACIA, IDDIRECCION, NOMBREFARMACIA) VALUES (9, 9, 'Farmacia Yuste-Lobato');
INSERT INTO SUCURSALFARMACIA (IDFARMACIA, IDDIRECCION, NOMBREFARMACIA) VALUES (10, 10, 'Farmacia Colom, Bauzà and Alfonso');
INSERT INTO SUCURSALFARMACIA (IDFARMACIA, IDDIRECCION, NOMBREFARMACIA) VALUES (11, 11, 'Farmacia Botella PLC');
INSERT INTO SUCURSALFARMACIA (IDFARMACIA, IDDIRECCION, NOMBREFARMACIA) VALUES (12, 12, 'Farmacia Figueroa-Rosado');
INSERT INTO SUCURSALFARMACIA (IDFARMACIA, IDDIRECCION, NOMBREFARMACIA) VALUES (13, 13, 'Farmacia Amores, Puga and Gordillo');
INSERT INTO SUCURSALFARMACIA (IDFARMACIA, IDDIRECCION, NOMBREFARMACIA) VALUES (14, 14, 'Farmacia Milla Group');
INSERT INTO SUCURSALFARMACIA (IDFARMACIA, IDDIRECCION, NOMBREFARMACIA) VALUES (15, 15, 'Farmacia Anglada Ltd');
INSERT INTO SUCURSALFARMACIA (IDFARMACIA, IDDIRECCION, NOMBREFARMACIA) VALUES (16, 16, 'Farmacia Tur-Cañizares');
INSERT INTO SUCURSALFARMACIA (IDFARMACIA, IDDIRECCION, NOMBREFARMACIA) VALUES (17, 17, 'Farmacia García, Gutierrez and Alcalde');
INSERT INTO SUCURSALFARMACIA (IDFARMACIA, IDDIRECCION, NOMBREFARMACIA) VALUES (18, 18, 'Farmacia Santiago, Zapata and Múñiz');
INSERT INTO SUCURSALFARMACIA (IDFARMACIA, IDDIRECCION, NOMBREFARMACIA) VALUES (19, 19, 'Farmacia Esteve, Vallejo and Múñiz');
INSERT INTO SUCURSALFARMACIA (IDFARMACIA, IDDIRECCION, NOMBREFARMACIA) VALUES (20, 20, 'Farmacia Fonseca, Ugarte and Molina');

-- CATEGORIA
INSERT INTO CATEGORIA VALUES (1, 'Medicamento');
INSERT INTO CATEGORIA VALUES (2, 'Cuidado Personal');
INSERT INTO CATEGORIA VALUES (3, 'Higiene');
INSERT INTO CATEGORIA VALUES (4, 'Salud Reproductiva');
INSERT INTO CATEGORIA VALUES (5, 'Suplemento');
INSERT INTO CATEGORIA VALUES (6, 'Categoría debitis');
INSERT INTO CATEGORIA VALUES (7, 'Categoría impedit');
INSERT INTO CATEGORIA VALUES (8, 'Categoría praesentium');
INSERT INTO CATEGORIA VALUES (9, 'Categoría recusandae');
INSERT INTO CATEGORIA VALUES (10, 'Categoría ipsa');
INSERT INTO CATEGORIA VALUES (11, 'Categoría magnam');
INSERT INTO CATEGORIA VALUES (12, 'Categoría ex');
INSERT INTO CATEGORIA VALUES (13, 'Categoría magni');
INSERT INTO CATEGORIA VALUES (14, 'Categoría illum');
INSERT INTO CATEGORIA VALUES (15, 'Categoría sunt');
INSERT INTO CATEGORIA VALUES (16, 'Categoría dignissimos');
INSERT INTO CATEGORIA VALUES (17, 'Categoría aperiam');
INSERT INTO CATEGORIA VALUES (18, 'Categoría at');
INSERT INTO CATEGORIA VALUES (19, 'Categoría laudantium');
INSERT INTO CATEGORIA VALUES (20, 'Categoría repellat');

-- SUBCATEGORIA
INSERT INTO SUBCATEGORIA VALUES (1, 1, 'Analgésico');
INSERT INTO SUBCATEGORIA VALUES (2, 1, 'Antibiótico');
INSERT INTO SUBCATEGORIA VALUES (3, 1, 'Antiinflamatorio');
INSERT INTO SUBCATEGORIA VALUES (4, 1, 'Antialérgico');
INSERT INTO SUBCATEGORIA VALUES (5, 2, 'Protector solar');
INSERT INTO SUBCATEGORIA VALUES (6, 2, 'Cremas faciales');
INSERT INTO SUBCATEGORIA VALUES (7, 2, 'Shampoo');
INSERT INTO SUBCATEGORIA VALUES (8, 2, 'Desodorante');
INSERT INTO SUBCATEGORIA VALUES (9, 3, 'Jabón');
INSERT INTO SUBCATEGORIA VALUES (10, 3, 'Papel higiénico');
INSERT INTO SUBCATEGORIA VALUES (11, 3, 'Toallas húmedas');
INSERT INTO SUBCATEGORIA VALUES (12, 3, 'Gel antibacterial');
INSERT INTO SUBCATEGORIA VALUES (13, 4, 'Anticonceptivos');
INSERT INTO SUBCATEGORIA VALUES (14, 4, 'Lubricantes');
INSERT INTO SUBCATEGORIA VALUES (15, 4, 'Test de embarazo');
INSERT INTO SUBCATEGORIA VALUES (16, 4, 'Toallas sanitarias');
INSERT INTO SUBCATEGORIA VALUES (17, 5, 'Vitaminas');
INSERT INTO SUBCATEGORIA VALUES (18, 5, 'Minerales');
INSERT INTO SUBCATEGORIA VALUES (19, 5, 'Proteínas');
INSERT INTO SUBCATEGORIA VALUES (20, 5, 'Energizantes');

-- MARCA
INSERT INTO MARCA (IDMARCA, NOMBREMARCA) VALUES (1, 'Pfizer');
INSERT INTO MARCA (IDMARCA, NOMBREMARCA) VALUES (2, 'Bayer');
INSERT INTO MARCA (IDMARCA, NOMBREMARCA) VALUES (3, 'Roche');
INSERT INTO MARCA (IDMARCA, NOMBREMARCA) VALUES (4, 'Novartis');
INSERT INTO MARCA (IDMARCA, NOMBREMARCA) VALUES (5, 'Sanofi');
INSERT INTO MARCA (IDMARCA, NOMBREMARCA) VALUES (6, 'GSK');
INSERT INTO MARCA (IDMARCA, NOMBREMARCA) VALUES (7, 'AstraZeneca');
INSERT INTO MARCA (IDMARCA, NOMBREMARCA) VALUES (8, 'Merck');
INSERT INTO MARCA (IDMARCA, NOMBREMARCA) VALUES (9, 'AbbVie');
INSERT INTO MARCA (IDMARCA, NOMBREMARCA) VALUES (10, 'Johnson & Johnson');
INSERT INTO MARCA (IDMARCA, NOMBREMARCA) VALUES (11, 'Lilly');
INSERT INTO MARCA (IDMARCA, NOMBREMARCA) VALUES (12, 'Teva');
INSERT INTO MARCA (IDMARCA, NOMBREMARCA) VALUES (13, 'Amgen');
INSERT INTO MARCA (IDMARCA, NOMBREMARCA) VALUES (14, 'Takeda');
INSERT INTO MARCA (IDMARCA, NOMBREMARCA) VALUES (15, 'Boehringer');
INSERT INTO MARCA (IDMARCA, NOMBREMARCA) VALUES (16, 'Novo Nordisk');
INSERT INTO MARCA (IDMARCA, NOMBREMARCA) VALUES (17, 'Bristol Myers');
INSERT INTO MARCA (IDMARCA, NOMBREMARCA) VALUES (18, 'MSD');
INSERT INTO MARCA (IDMARCA, NOMBREMARCA) VALUES (19, 'Sandoz');
INSERT INTO MARCA (IDMARCA, NOMBREMARCA) VALUES (20, 'Grünenthal');

-- FORMAFARMACEUTICA
INSERT INTO FORMAFARMACEUTICA VALUES (1, 'Tableta');
INSERT INTO FORMAFARMACEUTICA VALUES (2, 'Cápsula');
INSERT INTO FORMAFARMACEUTICA VALUES (3, 'Jarabe');
INSERT INTO FORMAFARMACEUTICA VALUES (4, 'Solución');
INSERT INTO FORMAFARMACEUTICA VALUES (5, 'Inyección');
INSERT INTO FORMAFARMACEUTICA VALUES (6, 'Crema');
INSERT INTO FORMAFARMACEUTICA VALUES (7, 'Ungüento');
INSERT INTO FORMAFARMACEUTICA VALUES (8, 'Aerosol');
INSERT INTO FORMAFARMACEUTICA VALUES (9, 'Gotas');
INSERT INTO FORMAFARMACEUTICA VALUES (10, 'Supositorio');
INSERT INTO FORMAFARMACEUTICA VALUES (11, 'Gel');
INSERT INTO FORMAFARMACEUTICA VALUES (12, 'Parches');
INSERT INTO FORMAFARMACEUTICA VALUES (13, 'Emulsión');
INSERT INTO FORMAFARMACEUTICA VALUES (14, 'Espuma');
INSERT INTO FORMAFARMACEUTICA VALUES (15, 'Loción');
INSERT INTO FORMAFARMACEUTICA VALUES (16, 'Polvo');
INSERT INTO FORMAFARMACEUTICA VALUES (17, 'Gragea');
INSERT INTO FORMAFARMACEUTICA VALUES (18, 'Suspensión');
INSERT INTO FORMAFARMACEUTICA VALUES (19, 'Ampolla');
INSERT INTO FORMAFARMACEUTICA VALUES (20, 'Elixir');

-- VIAADMINISTRACION
INSERT INTO VIAADMINISTRACION VALUES (1, 'Oral');
INSERT INTO VIAADMINISTRACION VALUES (2, 'Tópica');
INSERT INTO VIAADMINISTRACION VALUES (3, 'Intravenosa');
INSERT INTO VIAADMINISTRACION VALUES (4, 'Inhalatoria');
INSERT INTO VIAADMINISTRACION VALUES (5, 'Sublingual');
INSERT INTO VIAADMINISTRACION VALUES (6, 'Intramuscular');
INSERT INTO VIAADMINISTRACION VALUES (7, 'Rectal');
INSERT INTO VIAADMINISTRACION VALUES (8, 'Oftálmica');
INSERT INTO VIAADMINISTRACION VALUES (9, 'Ótica');
INSERT INTO VIAADMINISTRACION VALUES (10, 'Cutánea');
INSERT INTO VIAADMINISTRACION VALUES (11, 'Transdérmica');
INSERT INTO VIAADMINISTRACION VALUES (12, 'Vaginal');
INSERT INTO VIAADMINISTRACION VALUES (13, 'Nasal');
INSERT INTO VIAADMINISTRACION VALUES (14, 'Subcutánea');
INSERT INTO VIAADMINISTRACION VALUES (15, 'Bucal');
INSERT INTO VIAADMINISTRACION VALUES (16, 'Epidérmica');
INSERT INTO VIAADMINISTRACION VALUES (17, 'Endovenosa');
INSERT INTO VIAADMINISTRACION VALUES (18, 'Intratecal');
INSERT INTO VIAADMINISTRACION VALUES (19, 'Intraósea');
INSERT INTO VIAADMINISTRACION VALUES (20, 'Intraarticular');

-- ARTICULO
INSERT INTO ARTICULO VALUES (1, 13, 2, 13, 6, 'Quis Plus', 'Quis Plus para uso tópica en formato crema.', 1, 27.26);
INSERT INTO ARTICULO VALUES (2, 15, 10, 18, 14, 'Numquam Extra', 'Numquam Extra para uso cutánea en formato espuma.', 0, 19.8);
INSERT INTO ARTICULO VALUES (3, 7, 2, 18, 19, 'Tenetur Plus', 'Tenetur Plus para uso tópica en formato ampolla.', 1, 6.66);
INSERT INTO ARTICULO VALUES (4, 19, 16, 17, 17, 'Eum Forte', 'Eum Forte para uso epidérmica en formato gragea.', 0, 96.12);
INSERT INTO ARTICULO VALUES (5, 3, 6, 20, 3, 'Nobis Plus', 'Nobis Plus para uso intramuscular en formato jarabe.', 0, 40.97);
INSERT INTO ARTICULO VALUES (6, 19, 8, 20, 19, 'Quidem Plus', 'Quidem Plus para uso oftálmica en formato ampolla.', 0, 42.5);
INSERT INTO ARTICULO VALUES (7, 19, 19, 11, 17, 'Cupiditate Max', 'Cupiditate Max para uso intraósea en formato gragea.', 0, 67.3);
INSERT INTO ARTICULO VALUES (8, 11, 8, 13, 9, 'Unde Forte', 'Unde Forte para uso oftálmica en formato gotas.', 1, 46.27);
INSERT INTO ARTICULO VALUES (9, 3, 1, 20, 15, 'Perspiciatis Rapid', 'Perspiciatis Rapid para uso oral en formato loción.', 0, 8.25);
INSERT INTO ARTICULO VALUES (10, 7, 17, 5, 9, 'Voluptates Max', 'Voluptates Max para uso endovenosa en formato gotas.', 0, 88.05);
INSERT INTO ARTICULO VALUES (11, 12, 10, 15, 6, 'Iusto Rapid', 'Iusto Rapid para uso cutánea en formato crema.', 1, 61.56);
INSERT INTO ARTICULO VALUES (12, 17, 1, 10, 18, 'Numquam Plus', 'Numquam Plus para uso oral en formato suspensión.', 0, 27.18);
INSERT INTO ARTICULO VALUES (13, 4, 18, 9, 5, 'Assumenda Max', 'Assumenda Max para uso intratecal en formato inyección.', 0, 72.04);
INSERT INTO ARTICULO VALUES (14, 7, 9, 16, 17, 'Ipsa Max', 'Ipsa Max para uso ótica en formato gragea.', 0, 10.14);
INSERT INTO ARTICULO VALUES (15, 14, 9, 1, 2, 'Magni Max', 'Magni Max para uso ótica en formato cápsula.', 0, 64.07);
INSERT INTO ARTICULO VALUES (16, 9, 6, 18, 15, 'Ullam Extra', 'Ullam Extra para uso intramuscular en formato loción.', 0, 12.08);
INSERT INTO ARTICULO VALUES (17, 5, 18, 12, 2, 'Illo Rapid', 'Illo Rapid para uso intratecal en formato cápsula.', 0, 43.55);
INSERT INTO ARTICULO VALUES (18, 2, 10, 2, 12, 'Nesciunt Max', 'Nesciunt Max para uso cutánea en formato parches.', 0, 68.52);
INSERT INTO ARTICULO VALUES (19, 4, 12, 14, 18, 'Suscipit Rapid', 'Suscipit Rapid para uso vaginal en formato suspensión.', 0, 92.65);
INSERT INTO ARTICULO VALUES (20, 8, 6, 14, 6, 'Possimus Plus', 'Possimus Plus para uso intramuscular en formato crema.', 0, 73.92);

-- CLIENTE
INSERT INTO CLIENTE (IDCLIENTE, NOMBRECLIENTE, TELEFONOCLIENTE, CORREOCLIENTE) VALUES (1, 'Fidela Vidal Solé', '95771393', 'lharo@hotmail.com');
INSERT INTO CLIENTE (IDCLIENTE, NOMBRECLIENTE, TELEFONOCLIENTE, CORREOCLIENTE) VALUES (2, 'Gonzalo Padilla Cuenca', '02353003', 'pepe03@yahoo.com');
INSERT INTO CLIENTE (IDCLIENTE, NOMBRECLIENTE, TELEFONOCLIENTE, CORREOCLIENTE) VALUES (3, 'Amando Zaragoza Avilés', '01009061', 'munozceferino@hotmail.com');
INSERT INTO CLIENTE (IDCLIENTE, NOMBRECLIENTE, TELEFONOCLIENTE, CORREOCLIENTE) VALUES (4, 'Aureliano del Torres', '72334067', 'amando36@yahoo.com');
INSERT INTO CLIENTE (IDCLIENTE, NOMBRECLIENTE, TELEFONOCLIENTE, CORREOCLIENTE) VALUES (5, 'Ceferino Chacón Mur', '06061425', 'alonsotello@yahoo.com');
INSERT INTO CLIENTE (IDCLIENTE, NOMBRECLIENTE, TELEFONOCLIENTE, CORREOCLIENTE) VALUES (6, 'Isidora Jover-Saura', '56717754', 'paulinaflor@martinez.org');
INSERT INTO CLIENTE (IDCLIENTE, NOMBRECLIENTE, TELEFONOCLIENTE, CORREOCLIENTE) VALUES (7, 'Evaristo Ariño Madrigal', '13996462', 'herviaberta@yahoo.com');
INSERT INTO CLIENTE (IDCLIENTE, NOMBRECLIENTE, TELEFONOCLIENTE, CORREOCLIENTE) VALUES (8, 'Verónica Cerdán-Artigas', '70438088', 'navarroclaudia@yahoo.com');
INSERT INTO CLIENTE (IDCLIENTE, NOMBRECLIENTE, TELEFONOCLIENTE, CORREOCLIENTE) VALUES (9, 'Raimundo Infante Cárdenas', '81319415', 'ipenas@hotmail.com');
INSERT INTO CLIENTE (IDCLIENTE, NOMBRECLIENTE, TELEFONOCLIENTE, CORREOCLIENTE) VALUES (10, 'Paloma Morcillo Ferrández', '64353207', 'ernestogimenez@olivera.org');
INSERT INTO CLIENTE (IDCLIENTE, NOMBRECLIENTE, TELEFONOCLIENTE, CORREOCLIENTE) VALUES (11, 'Ariel Bayo Ramos', '72930798', 'agudohugo@jerez.com');
INSERT INTO CLIENTE (IDCLIENTE, NOMBRECLIENTE, TELEFONOCLIENTE, CORREOCLIENTE) VALUES (12, 'Iker Cid-Jordán', '54753758', 'villenacesar@giner.org');
INSERT INTO CLIENTE (IDCLIENTE, NOMBRECLIENTE, TELEFONOCLIENTE, CORREOCLIENTE) VALUES (13, 'Lourdes Valle Velasco', '41836389', 'casesvalero@yahoo.com');
INSERT INTO CLIENTE (IDCLIENTE, NOMBRECLIENTE, TELEFONOCLIENTE, CORREOCLIENTE) VALUES (14, 'Amado Riera-Rocha', '85810285', 'cebrian88@catala-busquets.es');
INSERT INTO CLIENTE (IDCLIENTE, NOMBRECLIENTE, TELEFONOCLIENTE, CORREOCLIENTE) VALUES (15, 'Alejandra Recio-Herrero', '15782524', 'reynaldo54@hotmail.com');
INSERT INTO CLIENTE (IDCLIENTE, NOMBRECLIENTE, TELEFONOCLIENTE, CORREOCLIENTE) VALUES (16, 'Amado Barroso Aroca', '28763550', 'rico86@yahoo.com');
INSERT INTO CLIENTE (IDCLIENTE, NOMBRECLIENTE, TELEFONOCLIENTE, CORREOCLIENTE) VALUES (17, 'Eliana Mercedes Roca Cifuentes', '21275838', 'ybatalla@gmail.com');
INSERT INTO CLIENTE (IDCLIENTE, NOMBRECLIENTE, TELEFONOCLIENTE, CORREOCLIENTE) VALUES (18, 'Miriam de Valentín', '62931204', 'currovelasco@elias.com');
INSERT INTO CLIENTE (IDCLIENTE, NOMBRECLIENTE, TELEFONOCLIENTE, CORREOCLIENTE) VALUES (19, 'Roxana Palacio', '89541932', 'andressol@herrero.es');
INSERT INTO CLIENTE (IDCLIENTE, NOMBRECLIENTE, TELEFONOCLIENTE, CORREOCLIENTE) VALUES (20, 'Oriana de Carranza', '42535785', 'kikebautista@company.es');

-- PROVEEDOR
INSERT INTO PROVEEDOR (IDPROVEEDOR, NOMBREPROVEEDOR, TELEFONOPROVEEDOR, DIRECCIONPROVEEDOR, RUBROPROVEEDOR, NUMREGPROVEEDOR, NIT, GIROPROVEEDOR) VALUES (1, 'Proveedor Montoya LLC', '76444062', 'Acceso Tristán Escalona 69', 'Recusandae', '82269803', '837507241', 'Dolor');
INSERT INTO PROVEEDOR (IDPROVEEDOR, NOMBREPROVEEDOR, TELEFONOPROVEEDOR, DIRECCIONPROVEEDOR, RUBROPROVEEDOR, NUMREGPROVEEDOR, NIT, GIROPROVEEDOR) VALUES (2, 'Proveedor Somoza-Carreras', '81462882', 'Pasadizo de Gloria Arcos 28', 'At', '36445607', '491079829', 'Sit');
INSERT INTO PROVEEDOR (IDPROVEEDOR, NOMBREPROVEEDOR, TELEFONOPROVEEDOR, DIRECCIONPROVEEDOR, RUBROPROVEEDOR, NUMREGPROVEEDOR, NIT, GIROPROVEEDOR) VALUES (3, 'Proveedor Salcedo, Cuervo and Moliner', '78770089', 'Vial Caridad Reig 89 Piso 2 ', 'Consectetur', '67887757', '175133802', 'Maxime');
INSERT INTO PROVEEDOR (IDPROVEEDOR, NOMBREPROVEEDOR, TELEFONOPROVEEDOR, DIRECCIONPROVEEDOR, RUBROPROVEEDOR, NUMREGPROVEEDOR, NIT, GIROPROVEEDOR) VALUES (4, 'Proveedor Monreal-Uría', '77508118', 'Calle de Jorge Cabello 26', 'Reiciendis', '99152472', '454549587', 'Sunt');
INSERT INTO PROVEEDOR (IDPROVEEDOR, NOMBREPROVEEDOR, TELEFONOPROVEEDOR, DIRECCIONPROVEEDOR, RUBROPROVEEDOR, NUMREGPROVEEDOR, NIT, GIROPROVEEDOR) VALUES (5, 'Proveedor Aguilera, Chacón and Guijarro', '29534329', 'Plaza de Gil Aguilar 40', 'Nobis', '93638503', '437064353', 'Amet');
INSERT INTO PROVEEDOR (IDPROVEEDOR, NOMBREPROVEEDOR, TELEFONOPROVEEDOR, DIRECCIONPROVEEDOR, RUBROPROVEEDOR, NUMREGPROVEEDOR, NIT, GIROPROVEEDOR) VALUES (6, 'Proveedor Polo PLC', '71434650', 'Pasaje Rosalva Girona 1', 'Explicabo', '99038359', '233815413', 'Animi');
INSERT INTO PROVEEDOR (IDPROVEEDOR, NOMBREPROVEEDOR, TELEFONOPROVEEDOR, DIRECCIONPROVEEDOR, RUBROPROVEEDOR, NUMREGPROVEEDOR, NIT, GIROPROVEEDOR) VALUES (7, 'Proveedor Carbó Inc', '19823550', 'Via Noelia Páez 327 Puerta 3 ', 'Facere', '50308572', '644518647', 'Ea');
INSERT INTO PROVEEDOR (IDPROVEEDOR, NOMBREPROVEEDOR, TELEFONOPROVEEDOR, DIRECCIONPROVEEDOR, RUBROPROVEEDOR, NUMREGPROVEEDOR, NIT, GIROPROVEEDOR) VALUES (8, 'Proveedor Rosselló LLC', '72013474', 'Glorieta de Lourdes Bartolomé 76 Piso 6 ', 'Quaerat', '51511484', '816070802', 'Perspiciatis');
INSERT INTO PROVEEDOR (IDPROVEEDOR, NOMBREPROVEEDOR, TELEFONOPROVEEDOR, DIRECCIONPROVEEDOR, RUBROPROVEEDOR, NUMREGPROVEEDOR, NIT, GIROPROVEEDOR) VALUES (9, 'Proveedor Baró-Diego', '44407075', 'Cañada de Vito Santana 1', 'Sed', '64813568', '450236225', 'Accusamus');
INSERT INTO PROVEEDOR (IDPROVEEDOR, NOMBREPROVEEDOR, TELEFONOPROVEEDOR, DIRECCIONPROVEEDOR, RUBROPROVEEDOR, NUMREGPROVEEDOR, NIT, GIROPROVEEDOR) VALUES (10, 'Proveedor Miranda, Ojeda and Lobo', '14389215', 'Cañada de Fidela Boix 64 Piso 2 ', 'Atque', '64009265', '848621833', 'Itaque');
INSERT INTO PROVEEDOR (IDPROVEEDOR, NOMBREPROVEEDOR, TELEFONOPROVEEDOR, DIRECCIONPROVEEDOR, RUBROPROVEEDOR, NUMREGPROVEEDOR, NIT, GIROPROVEEDOR) VALUES (11, 'Proveedor Roura, Fuente and Pujadas', '39208914', 'Callejón de Verónica Patiño 48', 'Tenetur', '49682169', '695295870', 'Ea');
INSERT INTO PROVEEDOR (IDPROVEEDOR, NOMBREPROVEEDOR, TELEFONOPROVEEDOR, DIRECCIONPROVEEDOR, RUBROPROVEEDOR, NUMREGPROVEEDOR, NIT, GIROPROVEEDOR) VALUES (12, 'Proveedor Serna, Chaparro and Leon', '63215924', 'Acceso de Aristides Borrell 49', 'Iste', '27084279', '305986733', 'Accusantium');
INSERT INTO PROVEEDOR (IDPROVEEDOR, NOMBREPROVEEDOR, TELEFONOPROVEEDOR, DIRECCIONPROVEEDOR, RUBROPROVEEDOR, NUMREGPROVEEDOR, NIT, GIROPROVEEDOR) VALUES (13, 'Proveedor Cantón-Alegre', '50814370', 'Paseo Aitana Peralta 37 Apt. 35 ', 'Veniam', '66431351', '813962536', 'Culpa');
INSERT INTO PROVEEDOR (IDPROVEEDOR, NOMBREPROVEEDOR, TELEFONOPROVEEDOR, DIRECCIONPROVEEDOR, RUBROPROVEEDOR, NUMREGPROVEEDOR, NIT, GIROPROVEEDOR) VALUES (14, 'Proveedor Gibert, Llamas and Múgica', '59706573', 'Via Baltasar Abril 68', 'Deserunt', '60888017', '827264603', 'A');
INSERT INTO PROVEEDOR (IDPROVEEDOR, NOMBREPROVEEDOR, TELEFONOPROVEEDOR, DIRECCIONPROVEEDOR, RUBROPROVEEDOR, NUMREGPROVEEDOR, NIT, GIROPROVEEDOR) VALUES (15, 'Proveedor Ripoll, Lorenzo and Boada', '52628074', 'Vial de Jose Miguel Moles 511', 'Sed', '33357554', '760904107', 'Vel');
INSERT INTO PROVEEDOR (IDPROVEEDOR, NOMBREPROVEEDOR, TELEFONOPROVEEDOR, DIRECCIONPROVEEDOR, RUBROPROVEEDOR, NUMREGPROVEEDOR, NIT, GIROPROVEEDOR) VALUES (16, 'Proveedor Farré-Varela', '38650670', 'Callejón de Salud Casal 24 Piso 1 ', 'Exercitationem', '86384014', '423142470', 'Fugit');
INSERT INTO PROVEEDOR (IDPROVEEDOR, NOMBREPROVEEDOR, TELEFONOPROVEEDOR, DIRECCIONPROVEEDOR, RUBROPROVEEDOR, NUMREGPROVEEDOR, NIT, GIROPROVEEDOR) VALUES (17, 'Proveedor Ruiz-Vélez', '49157059', 'Rambla de Jeremías Llamas 63 Piso 9 ', 'Suscipit', '64502486', '688343096', 'Amet');
INSERT INTO PROVEEDOR (IDPROVEEDOR, NOMBREPROVEEDOR, TELEFONOPROVEEDOR, DIRECCIONPROVEEDOR, RUBROPROVEEDOR, NUMREGPROVEEDOR, NIT, GIROPROVEEDOR) VALUES (18, 'Proveedor Carreras-Hervás', '19659098', 'Vial de Albino Yuste 527 Puerta 4 ', 'Incidunt', '10054484', '426283245', 'Magni');
INSERT INTO PROVEEDOR (IDPROVEEDOR, NOMBREPROVEEDOR, TELEFONOPROVEEDOR, DIRECCIONPROVEEDOR, RUBROPROVEEDOR, NUMREGPROVEEDOR, NIT, GIROPROVEEDOR) VALUES (19, 'Proveedor Solano PLC', '91158251', 'Callejón Cruz Tirado 82', 'Quidem', '48508907', '325681936', 'Fugit');
INSERT INTO PROVEEDOR (IDPROVEEDOR, NOMBREPROVEEDOR, TELEFONOPROVEEDOR, DIRECCIONPROVEEDOR, RUBROPROVEEDOR, NUMREGPROVEEDOR, NIT, GIROPROVEEDOR) VALUES (20, 'Proveedor Aguilera-Porras', '29771242', 'Alameda de Febe Becerra 333', 'Eum', '67698610', '943702118', 'Quibusdam');

-- DOCTOR
INSERT INTO DOCTOR (IDDOCTOR, NOMBREDOCTOR, ESPECIALIDADDOCTOR, JVPM) VALUES (1, 'Dominga Inmaculada Villena Llabrés', 'Medicina General', '448321');
INSERT INTO DOCTOR (IDDOCTOR, NOMBREDOCTOR, ESPECIALIDADDOCTOR, JVPM) VALUES (2, 'Merche Gil Navas', 'Pediatría', '920391');
INSERT INTO DOCTOR (IDDOCTOR, NOMBREDOCTOR, ESPECIALIDADDOCTOR, JVPM) VALUES (3, 'Inmaculada Boada Conesa', 'Ginecología', '531712');
INSERT INTO DOCTOR (IDDOCTOR, NOMBREDOCTOR, ESPECIALIDADDOCTOR, JVPM) VALUES (4, 'Micaela Puerta Carrillo', 'Dermatología', '941204');
INSERT INTO DOCTOR (IDDOCTOR, NOMBREDOCTOR, ESPECIALIDADDOCTOR, JVPM) VALUES (5, 'Pánfilo Guardiola-Velázquez', 'Cardiología', '802448');
INSERT INTO DOCTOR (IDDOCTOR, NOMBREDOCTOR, ESPECIALIDADDOCTOR, JVPM) VALUES (6, 'Chus Belda', 'Neurología', '870763');
INSERT INTO DOCTOR (IDDOCTOR, NOMBREDOCTOR, ESPECIALIDADDOCTOR, JVPM) VALUES (7, 'Erasmo Larrea Serna', 'Ortopedia', '950132');
INSERT INTO DOCTOR (IDDOCTOR, NOMBREDOCTOR, ESPECIALIDADDOCTOR, JVPM) VALUES (8, 'Dominga Nidia Bilbao Valera', 'Oftalmología', '360222');
INSERT INTO DOCTOR (IDDOCTOR, NOMBREDOCTOR, ESPECIALIDADDOCTOR, JVPM) VALUES (9, 'Hilda Perea-Alegria', 'Psiquiatría', '379766');
INSERT INTO DOCTOR (IDDOCTOR, NOMBREDOCTOR, ESPECIALIDADDOCTOR, JVPM) VALUES (10, 'Olga Buendía-Palacios', 'Endocrinología', '266931');
INSERT INTO DOCTOR (IDDOCTOR, NOMBREDOCTOR, ESPECIALIDADDOCTOR, JVPM) VALUES (11, 'Marisa Herrera Gonzalez', 'Neumología', '925622');
INSERT INTO DOCTOR (IDDOCTOR, NOMBREDOCTOR, ESPECIALIDADDOCTOR, JVPM) VALUES (12, 'Máximo Almeida Garzón', 'Gastroenterología', '835343');
INSERT INTO DOCTOR (IDDOCTOR, NOMBREDOCTOR, ESPECIALIDADDOCTOR, JVPM) VALUES (13, 'Palmira Villanueva', 'Urología', '213346');
INSERT INTO DOCTOR (IDDOCTOR, NOMBREDOCTOR, ESPECIALIDADDOCTOR, JVPM) VALUES (14, 'Plácido de Viña', 'Reumatología', '501124');
INSERT INTO DOCTOR (IDDOCTOR, NOMBREDOCTOR, ESPECIALIDADDOCTOR, JVPM) VALUES (15, 'Carla Martí Batlle', 'Oncología', '140605');
INSERT INTO DOCTOR (IDDOCTOR, NOMBREDOCTOR, ESPECIALIDADDOCTOR, JVPM) VALUES (16, 'Leoncio Campos Reig', 'Otorrinolaringología', '593554');
INSERT INTO DOCTOR (IDDOCTOR, NOMBREDOCTOR, ESPECIALIDADDOCTOR, JVPM) VALUES (17, 'Florencia Andrés Cerezo', 'Nefrología', '333238');
INSERT INTO DOCTOR (IDDOCTOR, NOMBREDOCTOR, ESPECIALIDADDOCTOR, JVPM) VALUES (18, 'Roberta Tenorio Duarte', 'Hematología', '309267');
INSERT INTO DOCTOR (IDDOCTOR, NOMBREDOCTOR, ESPECIALIDADDOCTOR, JVPM) VALUES (19, 'Fabiana Diana Montserrat Puerta', 'Infectología', '956253');
INSERT INTO DOCTOR (IDDOCTOR, NOMBREDOCTOR, ESPECIALIDADDOCTOR, JVPM) VALUES (20, 'Azeneth Vila Alfonso', 'Alergología', '582662');
